Date,Time,Check
4/4/2022,10:00 AM,Booked
4/5/2022,11:00 AM,Booked
4/6/2022,12:00 PM,Booked
4/7/2022,1:00 PM,Avaiable
4/8/2022,2:00 PM,Booked
4/9/2022,3:00 PM,Booked
4/10/2022,4:00 PM,Avaiable
4/11/2022,5:00 PM,Booked
4/12/2022,6:00 PM,Booked
4/13/2022,7:00 PM,Booked
4/14/2022,8:00 PM,Booked
4/15/2022,9:00 PM,Avaiable
4/16/2022,10:00 PM,Booked
4/17/2022,11:00 PM,Booked
4/18/2022,12:00 AM,Avaiable
4/19/2022,1:00 AM,Booked
4/20/2022,2:00 AM,Booked
4/21/2022,3:00 AM,Avaiable
4/22/2022,4:00 AM,Booked
4/23/2022,5:00 AM,Avaiable
4/24/2022,6:00 AM,Booked
